[{"id":2,"title":"Job Applications","target":"/applications","children":[{"id":7,"title":"John Doe","target":"/applications/john-doe"},{"id":10,"title":"James Bond","target":"/applications/james-bond"},{"id":20,"title":"Scarlett Johansson","target":"/applications/scarlett-johansson","visible":false}]},{"id":1,"title":"Dashboard","target":"/"},{"id":3,"title":"Companies","target":"/companies","visible":true,"children":[{"id":8,"title":"Tanqeeb","target":"/companies/1"},{"id":9,"title":"Daftra","target":"/companies/2"},{"id":11,"title":"TBD","target":"/companies/14"}]},{"id":4,"title":"Qualifications","children":[{"id":14,"title":"Q1","target":"/q1"},{"id":15,"title":"Q2","target":"/q2"}]},{"id":5,"title":"About","target":"/about"},{"id":6,"title":"Contact","target":"/contact"}]